TENHH,LOCATION,QUYCACH,GIA,SOLUONGHANG,MALOAIHANG,GHICHU
Thay Đổi Cuộc Sống Với Nhân Số Học,/ShopPlus_Customer/assets/images/products/56b303e000cb42faada663569fc5d7c9.jpg,quyển,156000,7,1,
Mình Chỉ Là Người Bình Thường (Sách Tô Màu),/ShopPlus_Customer/assets/images/products/604b1691c5c135a711e6ed01f3e5a290.jpg,quyển,96100,3,1,
Muôn Kiếp Nhân Sinh 2,/ShopPlus_Customer/assets/images/products/04ffa4c4673af50ef2e594bf8e4f6fa1.jpg,quyển,186300,9,1,
Cây Cam Ngọt Của Tôi,/ShopPlus_Customer/assets/images/products/2a6154ba08df6ce6161c13f4303fa19e.jpg,quyển,79400,1,1,
Kiếp Nào Ta Cũng Tìm Thấy Nhau,/ShopPlus_Customer/assets/images/products/67db9bf2590d75f978e68f9dcfe0db9a.jpg,quyển,72250,3,1,
Từ Điển Tiếng “Em”,/ShopPlus_Customer/assets/images/products/14338e7ae795f56d66996b611070b173.jpg,quyển,40000,5,1,
Sách Tài Chính Cá Nhân Cho Người Việt Nam - Tặng Khóa học Online về Tài chính,/ShopPlus_Customer/assets/images/products/2d35f5288ea643e3768c8f3361cafa5a.jpg,quyển,200000,6,1,
Kẻ Trộm Sách (Tái Bản),/ShopPlus_Customer/assets/images/products/ke-trom-sach.u5387.d20170720.t153804.332048.jpg,quyển,180000,3,1,
"Cân Bằng Cảm Xúc, Cả Lúc Bão Giông",/ShopPlus_Customer/assets/images/products/a19424cfe9d113c32732d93cf2d5f59a.jpg,quyển,63800,8,1,
CẨM NANG MUA BÁN ĐẤT,/ShopPlus_Customer/assets/images/products/f797420579b8e0f5c84a1278d23053ec.jpg,quyển,150000,2,1,
USB Kingston DT100G3 32GB USB 3.0 - Hàng Chính Hãng,/ShopPlus_Customer/assets/images/products/34e6ca6587338ccf18f312d7b9b2ea3c.jpg,cái,99000,4,2,
Router Wifi Băng Tần Kép AC1200 TP-Link Archer C50 - Hàng Chính Hãng,/ShopPlus_Customer/assets/images/products/archer-c50-v3_s_01.u4064.d20170704.t180940.358348.jpg,cái,427000,10,2,
USB Kingston DT100G3 - 64GB - USB 3.0 - Hàng Chính Hãng,/ShopPlus_Customer/assets/images/products/64_1.jpg,cái,149000,2,2,
Ổ Cứng Di Động WD Elements 1TB 2.5 USB 3.0 - WDBUZG0010BBK - Hàng Chính Hãng,/ShopPlus_Customer/assets/images/products/wd elements 1tb - 2.5 usb 3.0_1.u579.d20160808.t172730.328870.jpg,cái,1395000,5,2,
Bộ Kích Sóng Wifi Repeater 300Mbps Totolink EX200 - Hàng Chính Hãng,/ShopPlus_Customer/assets/images/products/30d0c22525743d5a2e850e76dd52fe72.jpg,cái,198000,10,2,
Apple Macbook Pro 2020 M1 - 13 Inchs (Apple M1/ 8GB/ 256GB) - Hàng Chính Hãng,/ShopPlus_Customer/assets/images/products/33d72e8efc6ef58d5fbe0cb1770c797e.jpg,cái,30899000,9,2,
Màn Hình Dell U2419H 24inch FullHD 8ms 60Hz IPS - Hàng Chính Hãng,/ShopPlus_Customer/assets/images/products/c220e39d6100924a66679bfb346b7544.jpg,cái,5090000,9,2,
Phần Mềm Diệt Virus BKAV Profressional 12 Tháng - Hàng Chính Hãng,/ShopPlus_Customer/assets/images/products/f20ea1736b20a4ce9138382e51bbf75e.jpg,cái,190000,9,2,
Chuột Có Dây Logitech B100 - Hàng Chính Hãng,/ShopPlus_Customer/assets/images/products/a9c21fbe61ce96d66c06582a49791381.jpg,cái,68000,7,2,
Ổ Cứng SSD Kingston A400 (240GB) - Hàng Chính Hãng,/ShopPlus_Customer/assets/images/products/9df3937c390fcc0b66161f4dbe783757.jpg,cái,815000,7,2,
Điện Thoại Samsung Galaxy A51 (6GB/128GB) - Hàng Chính Hãng,/ShopPlus_Customer/assets/images/products/3d5f9878e277d1244fe6b582e074e777.jpg,cái,5850000,4,4,
Máy Tính Bảng Samsung Galaxy Tab S7 Wifi T870 (6GB/128GB) - Hàng Chính Hãng,/ShopPlus_Customer/assets/images/products/111e4d1c36ec7094cbfb9ea5e0334992.jpg,cái,14249100,10,4,
Điện Thoại Oppo A12 (3GB/32GB) - Hàng Chính Hãng,/ShopPlus_Customer/assets/images/products/e9dc08e1a4e6eb6439442b2df5150aeb.jpg,cái,2390000,4,4,
Điện Thoại Samsung Galaxy A52 (8GB/128GB) - Hàng Chính Hãng,/ShopPlus_Customer/assets/images/products/10f12e9c3eef374bf72b385f1b70124c.jpg,cái,8990000,8,4,
Máy Tính Bảng Samsung Galaxy Tab S7 Wifi T870 (6GB/128GB) - Hàng Chính Hãng,/ShopPlus_Customer/assets/images/products/dc0d6dcd10f4a31d5f6dcab75566637e.jpg,cái,14249100,3,4,
Điện Thoại Realme C11 (2GB/32GB) - Hàng Chính Hãng,/ShopPlus_Customer/assets/images/products/b9f3e343440b02c54f95a9034990e0d5.jpg,cái,2120000,8,4,
Điện Thoại Vsmart Live 4 (6GB/64GB) - Hàng Chính Hãng,/ShopPlus_Customer/assets/images/products/3360d9dcb541dd5d2aaa59ae0ad6b1c5.jpg,cái,3489000,8,4,
Điện Thoại Nokia 3.4 - Hàng Chính Hãng,/ShopPlus_Customer/assets/images/products/0ddf107a81ccf15f9e2d27ba67e25d6b.jpg,cái,2590000,7,4,
Điện Thoại Samsung Galaxy M31 (6GB/128GB) - Hàng Chính Hãng,/ShopPlus_Customer/assets/images/products/0df5a90d7bd5d327de2d25d510dd9b65.jpg,cái,4790000,3,4,